,CLASS,TYPE,SUBTYPE,RECEPTOR,UNIPROTID,GPROTEIN,PDB_ID
0,Class A (Rhodopsin),Aminergic receptors,5-Hydroxytryptamine receptors,5-HT1A receptor,P08908,['Gi'],
1,Class A (Rhodopsin),Aminergic receptors,5-Hydroxytryptamine receptors,5-HT1B receptor,P28222,['Gi'],4IAQ
2,Class A (Rhodopsin),Aminergic receptors,5-Hydroxytryptamine receptors,5-HT1B receptor,P28222,['Gi'],4IAR
3,Class A (Rhodopsin),Aminergic receptors,5-Hydroxytryptamine receptors,5-HT1B receptor,P28222,['Gi'],5V54
4,Class A (Rhodopsin),Aminergic receptors,5-Hydroxytryptamine receptors,5-HT1B receptor,P28222,['Gi'],6G79
5,Class A (Rhodopsin),Aminergic receptors,5-Hydroxytryptamine receptors,5-HT1D receptor,P28221,['Gi'],
6,Class A (Rhodopsin),Aminergic receptors,5-Hydroxytryptamine receptors,5-ht1E receptor,P28566,['Gi'],
7,Class A (Rhodopsin),Aminergic receptors,5-Hydroxytryptamine receptors,5-HT1F receptor,P30939,['Gi'],
8,Class A (Rhodopsin),Aminergic receptors,5-Hydroxytryptamine receptors,5-HT2A receptor,P28223,['Gq/11'],6A93
9,Class A (Rhodopsin),Aminergic receptors,5-Hydroxytryptamine receptors,5-HT2A receptor,P28223,['Gq/11'],6A94
10,Class A (Rhodopsin),Aminergic receptors,5-Hydroxytryptamine receptors,5-HT2B receptor,P41595,['Gq/11'],4IB4
11,Class A (Rhodopsin),Aminergic receptors,5-Hydroxytryptamine receptors,5-HT2B receptor,P41595,['Gq/11'],4NC3
12,Class A (Rhodopsin),Aminergic receptors,5-Hydroxytryptamine receptors,5-HT2B receptor,P41595,['Gq/11'],5TUD
13,Class A (Rhodopsin),Aminergic receptors,5-Hydroxytryptamine receptors,5-HT2B receptor,P41595,['Gq/11'],5TVN
14,Class A (Rhodopsin),Aminergic receptors,5-Hydroxytryptamine receptors,5-HT2B receptor,P41595,['Gq/11'],6DRX
15,Class A (Rhodopsin),Aminergic receptors,5-Hydroxytryptamine receptors,5-HT2B receptor,P41595,['Gq/11'],6DRY
16,Class A (Rhodopsin),Aminergic receptors,5-Hydroxytryptamine receptors,5-HT2B receptor,P41595,['Gq/11'],6DRZ
17,Class A (Rhodopsin),Aminergic receptors,5-Hydroxytryptamine receptors,5-HT2B receptor,P41595,['Gq/11'],6DS0
18,Class A (Rhodopsin),Aminergic receptors,5-Hydroxytryptamine receptors,5-HT2C receptor,P28335,['Gq/11'],6BQG
19,Class A (Rhodopsin),Aminergic receptors,5-Hydroxytryptamine receptors,5-HT2C receptor,P28335,['Gq/11'],6BQH
20,Class A (Rhodopsin),Aminergic receptors,5-Hydroxytryptamine receptors,5-HT4 receptor,Q13639,['Gs'],5EM9
21,Class A (Rhodopsin),Aminergic receptors,5-Hydroxytryptamine receptors,5-HT5A receptor,P47898,['Gi'],
22,Class A (Rhodopsin),Aminergic receptors,5-Hydroxytryptamine receptors,5-HT6 receptor,P50406,['Gs'],
23,Class A (Rhodopsin),Aminergic receptors,5-Hydroxytryptamine receptors,5-HT7 receptor,P34969,['Gs'],
24,Class A (Rhodopsin),Aminergic receptors,Acetylcholine receptors (muscarinic),M1 receptor,P11229,['Gq/11'],5CXV
25,Class A (Rhodopsin),Aminergic receptors,Acetylcholine receptors (muscarinic),M1 receptor,P11229,['Gq/11'],6OIJ
26,Class A (Rhodopsin),Aminergic receptors,Acetylcholine receptors (muscarinic),M2 receptor,P08172,['Gi'],3UON
27,Class A (Rhodopsin),Aminergic receptors,Acetylcholine receptors (muscarinic),M2 receptor,P08172,['Gi'],4MQS
28,Class A (Rhodopsin),Aminergic receptors,Acetylcholine receptors (muscarinic),M2 receptor,P08172,['Gi'],4MQT
29,Class A (Rhodopsin),Aminergic receptors,Acetylcholine receptors (muscarinic),M2 receptor,P08172,['Gi'],5YC8
30,Class A (Rhodopsin),Aminergic receptors,Acetylcholine receptors (muscarinic),M2 receptor,P08172,['Gi'],5ZK3
31,Class A (Rhodopsin),Aminergic receptors,Acetylcholine receptors (muscarinic),M2 receptor,P08172,['Gi'],5ZK8
32,Class A (Rhodopsin),Aminergic receptors,Acetylcholine receptors (muscarinic),M2 receptor,P08172,['Gi'],5ZKB
33,Class A (Rhodopsin),Aminergic receptors,Acetylcholine receptors (muscarinic),M2 receptor,P08172,['Gi'],5ZKC
34,Class A (Rhodopsin),Aminergic receptors,Acetylcholine receptors (muscarinic),M2 receptor,P08172,['Gi'],6OIK
35,Class A (Rhodopsin),Aminergic receptors,Acetylcholine receptors (muscarinic),M3 receptor,P20309,['Gq/11'],2CSA
36,Class A (Rhodopsin),Aminergic receptors,Acetylcholine receptors (muscarinic),M4 receptor,P08173,['Gi'],5DSG
37,Class A (Rhodopsin),Aminergic receptors,Acetylcholine receptors (muscarinic),M4 receptor,P08173,['Gi'],6D9H
38,Class A (Rhodopsin),Aminergic receptors,Acetylcholine receptors (muscarinic),M5 receptor,P08912,['Gq/11'],
39,Class A (Rhodopsin),Aminergic receptors,Adrenoceptors,alpha1A-adrenoceptor,P35348,"['Gq/11', 'G12/13']",
40,Class A (Rhodopsin),Aminergic receptors,Adrenoceptors,alpha1B-adrenoceptor,P35368,"['Gq/11', 'G12/13']",
41,Class A (Rhodopsin),Aminergic receptors,Adrenoceptors,alpha1D-adrenoceptor,P25100,"['Gq/11', 'G12/13']",
42,Class A (Rhodopsin),Aminergic receptors,Adrenoceptors,alpha2A-adrenoceptor,P08913,"['Gz', 'Gi']",1HLL
43,Class A (Rhodopsin),Aminergic receptors,Adrenoceptors,alpha2A-adrenoceptor,P08913,"['Gz', 'Gi']",1HO9
44,Class A (Rhodopsin),Aminergic receptors,Adrenoceptors,alpha2A-adrenoceptor,P08913,"['Gz', 'Gi']",1HOD
45,Class A (Rhodopsin),Aminergic receptors,Adrenoceptors,alpha2A-adrenoceptor,P08913,"['Gz', 'Gi']",1HOF
46,Class A (Rhodopsin),Aminergic receptors,Adrenoceptors,alpha2B-adrenoceptor,P18089,"['Gz', 'Gi']",
47,Class A (Rhodopsin),Aminergic receptors,Adrenoceptors,alpha2C-adrenoceptor,P18825,"['Gz', 'Gi']",
48,Class A (Rhodopsin),Aminergic receptors,Adrenoceptors,beta1-adrenoceptor,P08588,['Gs'],2LSQ
49,Class A (Rhodopsin),Aminergic receptors,Adrenoceptors,beta2-adrenoceptor,P07550,['Gs'],1GQ4
50,Class A (Rhodopsin),Aminergic receptors,Adrenoceptors,beta2-adrenoceptor,P07550,['Gs'],2R4R
51,Class A (Rhodopsin),Aminergic receptors,Adrenoceptors,beta2-adrenoceptor,P07550,['Gs'],2R4S
52,Class A (Rhodopsin),Aminergic receptors,Adrenoceptors,beta2-adrenoceptor,P07550,['Gs'],2RH1
53,Class A (Rhodopsin),Aminergic receptors,Adrenoceptors,beta2-adrenoceptor,P07550,['Gs'],3D4S
54,Class A (Rhodopsin),Aminergic receptors,Adrenoceptors,beta2-adrenoceptor,P07550,['Gs'],3KJ6
55,Class A (Rhodopsin),Aminergic receptors,Adrenoceptors,beta2-adrenoceptor,P07550,['Gs'],3NY8
56,Class A (Rhodopsin),Aminergic receptors,Adrenoceptors,beta2-adrenoceptor,P07550,['Gs'],3NY9
57,Class A (Rhodopsin),Aminergic receptors,Adrenoceptors,beta2-adrenoceptor,P07550,['Gs'],3NYA
58,Class A (Rhodopsin),Aminergic receptors,Adrenoceptors,beta2-adrenoceptor,P07550,['Gs'],3P0G
59,Class A (Rhodopsin),Aminergic receptors,Adrenoceptors,beta2-adrenoceptor,P07550,['Gs'],3PDS
60,Class A (Rhodopsin),Aminergic receptors,Adrenoceptors,beta2-adrenoceptor,P07550,['Gs'],3SN6
61,Class A (Rhodopsin),Aminergic receptors,Adrenoceptors,beta2-adrenoceptor,P07550,['Gs'],4GBR
62,Class A (Rhodopsin),Aminergic receptors,Adrenoceptors,beta2-adrenoceptor,P07550,['Gs'],4LDE
63,Class A (Rhodopsin),Aminergic receptors,Adrenoceptors,beta2-adrenoceptor,P07550,['Gs'],4LDL
64,Class A (Rhodopsin),Aminergic receptors,Adrenoceptors,beta2-adrenoceptor,P07550,['Gs'],4LDO
65,Class A (Rhodopsin),Aminergic receptors,Adrenoceptors,beta2-adrenoceptor,P07550,['Gs'],4QKX
66,Class A (Rhodopsin),Aminergic receptors,Adrenoceptors,beta2-adrenoceptor,P07550,['Gs'],5D5A
67,Class A (Rhodopsin),Aminergic receptors,Adrenoceptors,beta2-adrenoceptor,P07550,['Gs'],5D5B
68,Class A (Rhodopsin),Aminergic receptors,Adrenoceptors,beta2-adrenoceptor,P07550,['Gs'],5D6L
69,Class A (Rhodopsin),Aminergic receptors,Adrenoceptors,beta2-adrenoceptor,P07550,['Gs'],5JQH
70,Class A (Rhodopsin),Aminergic receptors,Adrenoceptors,beta2-adrenoceptor,P07550,['Gs'],5X7D
71,Class A (Rhodopsin),Aminergic receptors,Adrenoceptors,beta2-adrenoceptor,P07550,['Gs'],6E67
72,Class A (Rhodopsin),Aminergic receptors,Adrenoceptors,beta2-adrenoceptor,P07550,['Gs'],6MXT
73,Class A (Rhodopsin),Aminergic receptors,Adrenoceptors,beta2-adrenoceptor,P07550,['Gs'],6N48
74,Class A (Rhodopsin),Aminergic receptors,Adrenoceptors,beta2-adrenoceptor,P07550,['Gs'],6NI3
75,Class A (Rhodopsin),Aminergic receptors,Adrenoceptors,beta2-adrenoceptor,P07550,['Gs'],6PRZ
76,Class A (Rhodopsin),Aminergic receptors,Adrenoceptors,beta2-adrenoceptor,P07550,['Gs'],6PS0
77,Class A (Rhodopsin),Aminergic receptors,Adrenoceptors,beta2-adrenoceptor,P07550,['Gs'],6PS1
78,Class A (Rhodopsin),Aminergic receptors,Adrenoceptors,beta2-adrenoceptor,P07550,['Gs'],6PS2
79,Class A (Rhodopsin),Aminergic receptors,Adrenoceptors,beta2-adrenoceptor,P07550,['Gs'],6PS3
80,Class A (Rhodopsin),Aminergic receptors,Adrenoceptors,beta2-adrenoceptor,P07550,['Gs'],6PS4
81,Class A (Rhodopsin),Aminergic receptors,Adrenoceptors,beta2-adrenoceptor,P07550,['Gs'],6PS5
82,Class A (Rhodopsin),Aminergic receptors,Adrenoceptors,beta2-adrenoceptor,P07550,['Gs'],6PS6
83,Class A (Rhodopsin),Aminergic receptors,Adrenoceptors,beta3-adrenoceptor,P13945,['Gs'],
84,Class A (Rhodopsin),Aminergic receptors,Dopamine receptors,D1 receptor,P21728,['Gs'],
85,Class A (Rhodopsin),Aminergic receptors,Dopamine receptors,D2 receptor,P14416,,5AER
86,Class A (Rhodopsin),Aminergic receptors,Dopamine receptors,D2 receptor,P14416,,6CM4
87,Class A (Rhodopsin),Aminergic receptors,Dopamine receptors,D3 receptor,P35462,['Gi'],3PBL
88,Class A (Rhodopsin),Aminergic receptors,Dopamine receptors,D4 receptor,P21917,['Gi'],5WIU
89,Class A (Rhodopsin),Aminergic receptors,Dopamine receptors,D4 receptor,P21917,['Gi'],5WIV
90,Class A (Rhodopsin),Aminergic receptors,Dopamine receptors,D5 receptor,P21918,['Gs'],
91,Class A (Rhodopsin),Aminergic receptors,Histamine receptors,H1 receptor,P35367,['Gq/11'],3RZE
92,Class A (Rhodopsin),Aminergic receptors,Histamine receptors,H2 receptor,P25021,['Gs'],
93,Class A (Rhodopsin),Aminergic receptors,Histamine receptors,H3 receptor,Q9Y5N1,['Gi'],
94,Class A (Rhodopsin),Aminergic receptors,Histamine receptors,H4 receptor,Q9H3N8,['Gi'],
95,Class A (Rhodopsin),Aminergic receptors,Trace amine receptors,TA1 receptor,Q96RJ0,['Gs'],
96,Class A (Rhodopsin),Peptide receptors,Angiotensin receptors,AT1 receptor,P30556,['Gq/11'],4YAY
97,Class A (Rhodopsin),Peptide receptors,Angiotensin receptors,AT1 receptor,P30556,['Gq/11'],4ZUD
98,Class A (Rhodopsin),Peptide receptors,Angiotensin receptors,AT1 receptor,P30556,['Gq/11'],6DO1
99,Class A (Rhodopsin),Peptide receptors,Angiotensin receptors,AT2 receptor,P50052,['Gi'],5UNF
100,Class A (Rhodopsin),Peptide receptors,Angiotensin receptors,AT2 receptor,P50052,['Gi'],5UNG
101,Class A (Rhodopsin),Peptide receptors,Angiotensin receptors,AT2 receptor,P50052,['Gi'],5UNH
102,Class A (Rhodopsin),Peptide receptors,Apelin receptors,apelin receptor,P35414,['Gi'],2LOT
103,Class A (Rhodopsin),Peptide receptors,Apelin receptors,apelin receptor,P35414,['Gi'],2LOU
104,Class A (Rhodopsin),Peptide receptors,Apelin receptors,apelin receptor,P35414,['Gi'],2LOV
105,Class A (Rhodopsin),Peptide receptors,Apelin receptors,apelin receptor,P35414,['Gi'],2LOW
106,Class A (Rhodopsin),Peptide receptors,Apelin receptors,apelin receptor,P35414,['Gi'],5VBL
107,Class A (Rhodopsin),Peptide receptors,Bombesin receptors,BB1 receptor,P28336,['Gq/11'],
108,Class A (Rhodopsin),Peptide receptors,Bombesin receptors,BB2 receptor,P30550,['Gq/11'],
109,Class A (Rhodopsin),Peptide receptors,Bradykinin receptors,B1 receptor,P46663,"['Gq/11', 'Gi']",
110,Class A (Rhodopsin),Peptide receptors,Bradykinin receptors,B2 receptor,P30411,"['Gq/11', 'Gi']",
111,Class A (Rhodopsin),Peptide receptors,Cholecystokinin receptors,CCK1 receptor,P32238,['Gq/11'],1D6G
112,Class A (Rhodopsin),Peptide receptors,Cholecystokinin receptors,CCK1 receptor,P32238,['Gq/11'],1HZN
113,Class A (Rhodopsin),Peptide receptors,Cholecystokinin receptors,CCK2 receptor,P32239,['Gq/11'],1L4T
114,Class A (Rhodopsin),Peptide receptors,Complement peptide receptors,C3a receptor,Q16581,['Gi'],
115,Class A (Rhodopsin),Peptide receptors,Complement peptide receptors,C5a1 receptor,P21730,['Gi'],5O9H
116,Class A (Rhodopsin),Peptide receptors,Complement peptide receptors,C5a1 receptor,P21730,['Gi'],6C1Q
117,Class A (Rhodopsin),Peptide receptors,Complement peptide receptors,C5a1 receptor,P21730,['Gi'],6C1R
118,Class A (Rhodopsin),Peptide receptors,Complement peptide receptors,C5a2 receptor,Q9P296,,
119,Class A (Rhodopsin),Peptide receptors,Endothelin receptors,ETA receptor,P25101,['Gq/11'],
120,Class A (Rhodopsin),Peptide receptors,Endothelin receptors,ETB receptor,P24530,['Gq/11'],5GLH
121,Class A (Rhodopsin),Peptide receptors,Endothelin receptors,ETB receptor,P24530,['Gq/11'],5GLI
122,Class A (Rhodopsin),Peptide receptors,Endothelin receptors,ETB receptor,P24530,['Gq/11'],5X93
123,Class A (Rhodopsin),Peptide receptors,Endothelin receptors,ETB receptor,P24530,['Gq/11'],5XPR
124,Class A (Rhodopsin),Peptide receptors,Endothelin receptors,ETB receptor,P24530,['Gq/11'],6IGK
125,Class A (Rhodopsin),Peptide receptors,Endothelin receptors,ETB receptor,P24530,['Gq/11'],6IGL
126,Class A (Rhodopsin),Peptide receptors,Formylpeptide receptors,FPR1,P21462,['Gi'],
127,Class A (Rhodopsin),Peptide receptors,Formylpeptide receptors,FPR3,P25089,['Gi'],
128,Class A (Rhodopsin),Peptide receptors,Galanin receptors,GAL1 receptor,P47211,['Gi'],
129,Class A (Rhodopsin),Peptide receptors,Galanin receptors,GAL2 receptor,O43603,['Gi'],
130,Class A (Rhodopsin),Peptide receptors,Galanin receptors,GAL3 receptor,O60755,['Gi'],
131,Class A (Rhodopsin),Peptide receptors,Ghrelin receptors,ghrelin receptor,Q92847,['Gq/11'],
132,Class A (Rhodopsin),Peptide receptors,Gonadotrophin-releasing hormone receptors,GnRH1 receptor,P30968,['Gq/11'],
133,Class A (Rhodopsin),Peptide receptors,Kisspeptin receptors,kisspeptin receptor,Q969F8,['Gq/11'],
134,Class A (Rhodopsin),Peptide receptors,Melanin-concentrating hormone,MCH1 receptor,Q99705,"['Gq/11', 'Gi']",
135,Class A (Rhodopsin),Peptide receptors,Melanin-concentrating hormone,MCH2 receptor,Q969V1,"['Gq/11', 'Gi']",
136,Class A (Rhodopsin),Peptide receptors,Melanocortin receptors,MC1 receptor,Q01726,['Gs'],
137,Class A (Rhodopsin),Peptide receptors,Melanocortin receptors,MC2 receptor,Q01718,['Gs'],
138,Class A (Rhodopsin),Peptide receptors,Melanocortin receptors,MC3 receptor,P41968,['Gs'],
139,Class A (Rhodopsin),Peptide receptors,Melanocortin receptors,MC4 receptor,P32245,['Gs'],
140,Class A (Rhodopsin),Peptide receptors,Melanocortin receptors,MC5 receptor,P33032,['Gs'],
141,Class A (Rhodopsin),Peptide receptors,Motilin receptors,motilin receptor,O43193,['Gq/11'],
142,Class A (Rhodopsin),Peptide receptors,Neuromedin U receptors,NMU1 receptor,Q9HB89,"['Gq/11', 'Gi']",
143,Class A (Rhodopsin),Peptide receptors,Neuromedin U receptors,NMU2 receptor,Q9GZQ4,"['Gq/11', 'Gi']",
144,Class A (Rhodopsin),Peptide receptors,Neuropeptide FF/neuropeptide AF receptors,NPFF1 receptor,Q9GZQ6,['Gq/11'],
145,Class A (Rhodopsin),Peptide receptors,Neuropeptide FF/neuropeptide AF receptors,NPFF2 receptor,Q9Y5X5,['Gq/11'],
146,Class A (Rhodopsin),Peptide receptors,Neuropeptide S receptors,NPS receptor,Q6W5P4,"['Gq/11', 'Gs']",
147,Class A (Rhodopsin),Peptide receptors,Neuropeptide W/neuropeptide B receptors,NPBW1 receptor,P48145,['Gi'],
148,Class A (Rhodopsin),Peptide receptors,Neuropeptide W/neuropeptide B receptors,NPBW2 receptor,P48146,['Gi'],
149,Class A (Rhodopsin),Peptide receptors,Neuropeptide Y receptors,Y1 receptor,P25929,['Gi'],5ZBQ
150,Class A (Rhodopsin),Peptide receptors,Neuropeptide Y receptors,Y2 receptor,P49146,['Gi'],
151,Class A (Rhodopsin),Peptide receptors,Neuropeptide Y receptors,Y4 receptor,P50391,['Gi'],
152,Class A (Rhodopsin),Peptide receptors,Neuropeptide Y receptors,Y5 receptor,Q15761,['Gi'],
153,Class A (Rhodopsin),Peptide receptors,Neuropeptide Y receptors,Y6 receptor,Q99463,,
154,Class A (Rhodopsin),Peptide receptors,Neurotensin receptors,NTS1 receptor,P30989,['Gq/11'],2LYW
155,Class A (Rhodopsin),Peptide receptors,Neurotensin receptors,NTS1 receptor,P30989,['Gq/11'],6OS9
156,Class A (Rhodopsin),Peptide receptors,Neurotensin receptors,NTS1 receptor,P30989,['Gq/11'],6OSA
157,Class A (Rhodopsin),Peptide receptors,Neurotensin receptors,NTS2 receptor,O95665,['Gq/11'],
158,Class A (Rhodopsin),Peptide receptors,Opioid receptors,delta receptor,P41143,['Gi'],4N6H
159,Class A (Rhodopsin),Peptide receptors,Opioid receptors,delta receptor,P41143,['Gi'],4RWA
160,Class A (Rhodopsin),Peptide receptors,Opioid receptors,delta receptor,P41143,['Gi'],4RWD
161,Class A (Rhodopsin),Peptide receptors,Opioid receptors,kappa receptor,P41145,['Gi'],4DJH
162,Class A (Rhodopsin),Peptide receptors,Opioid receptors,kappa receptor,P41145,['Gi'],6B73
163,Class A (Rhodopsin),Peptide receptors,Opioid receptors,mu receptor,P35372,['Gi'],
164,Class A (Rhodopsin),Peptide receptors,Opioid receptors,NOP receptor,P41146,['Gi'],4EA3
165,Class A (Rhodopsin),Peptide receptors,Opioid receptors,NOP receptor,P41146,['Gi'],5DHG
166,Class A (Rhodopsin),Peptide receptors,Opioid receptors,NOP receptor,P41146,['Gi'],5DHH
167,Class A (Rhodopsin),Peptide receptors,Orexin receptors,OX1 receptor,O43613,['Gq/11'],4ZJ8
168,Class A (Rhodopsin),Peptide receptors,Orexin receptors,OX1 receptor,O43613,['Gq/11'],4ZJC
169,Class A (Rhodopsin),Peptide receptors,Orexin receptors,OX2 receptor,O43614,['Gq/11'],4S0V
170,Class A (Rhodopsin),Peptide receptors,Orexin receptors,OX2 receptor,O43614,['Gq/11'],5WQC
171,Class A (Rhodopsin),Peptide receptors,Orexin receptors,OX2 receptor,O43614,['Gq/11'],5WS3
172,Class A (Rhodopsin),Peptide receptors,Peptide P518 receptors,QRFP receptor,Q96P65,['Gq/11'],
173,Class A (Rhodopsin),Peptide receptors,Prolactin-releasing peptide receptors,PrRP receptor,P49683,,
174,Class A (Rhodopsin),Peptide receptors,Proteinase-activated receptors,PAR1,P25116,['Gq/11'],1NRN
175,Class A (Rhodopsin),Peptide receptors,Proteinase-activated receptors,PAR1,P25116,['Gq/11'],1NRO
176,Class A (Rhodopsin),Peptide receptors,Proteinase-activated receptors,PAR1,P25116,['Gq/11'],1NRP
177,Class A (Rhodopsin),Peptide receptors,Proteinase-activated receptors,PAR1,P25116,['Gq/11'],1NRQ
178,Class A (Rhodopsin),Peptide receptors,Proteinase-activated receptors,PAR1,P25116,['Gq/11'],1NRR
179,Class A (Rhodopsin),Peptide receptors,Proteinase-activated receptors,PAR1,P25116,['Gq/11'],3BEF
180,Class A (Rhodopsin),Peptide receptors,Proteinase-activated receptors,PAR1,P25116,['Gq/11'],3HKI
181,Class A (Rhodopsin),Peptide receptors,Proteinase-activated receptors,PAR1,P25116,['Gq/11'],3HKJ
182,Class A (Rhodopsin),Peptide receptors,Proteinase-activated receptors,PAR1,P25116,['Gq/11'],3LU9
183,Class A (Rhodopsin),Peptide receptors,Proteinase-activated receptors,PAR1,P25116,['Gq/11'],3VW7
184,Class A (Rhodopsin),Peptide receptors,Proteinase-activated receptors,PAR2,P55085,['Gq/11'],5NDD
185,Class A (Rhodopsin),Peptide receptors,Proteinase-activated receptors,PAR2,P55085,['Gq/11'],5NDZ
186,Class A (Rhodopsin),Peptide receptors,Proteinase-activated receptors,PAR2,P55085,['Gq/11'],5NJ6
187,Class A (Rhodopsin),Peptide receptors,Proteinase-activated receptors,PAR3,O00254,['Gq/11'],
188,Class A (Rhodopsin),Peptide receptors,Proteinase-activated receptors,PAR4,Q96RI0,['Gq/11'],2ZPK
189,Class A (Rhodopsin),Peptide receptors,Proteinase-activated receptors,PAR4,Q96RI0,['Gq/11'],3QDZ
190,Class A (Rhodopsin),Peptide receptors,Relaxin family peptide receptors,RXFP1,Q9HBX9,['Gs'],2JM4
191,Class A (Rhodopsin),Peptide receptors,Relaxin family peptide receptors,RXFP1,Q9HBX9,['Gs'],2M7P
192,Class A (Rhodopsin),Peptide receptors,Relaxin family peptide receptors,RXFP2,Q8WXD0,['Gs'],2M96
193,Class A (Rhodopsin),Peptide receptors,Relaxin family peptide receptors,RXFP3,Q9NSD7,['Gi'],
194,Class A (Rhodopsin),Peptide receptors,Relaxin family peptide receptors,RXFP4,Q8TDU9,['Gi'],
195,Class A (Rhodopsin),Peptide receptors,Somatostatin receptors,SST1 receptor,P30872,['Gi'],
196,Class A (Rhodopsin),Peptide receptors,Somatostatin receptors,SST2 receptor,P30874,['Gi'],
197,Class A (Rhodopsin),Peptide receptors,Somatostatin receptors,SST3 receptor,P32745,['Gi'],
198,Class A (Rhodopsin),Peptide receptors,Somatostatin receptors,SST4 receptor,P31391,['Gi'],
199,Class A (Rhodopsin),Peptide receptors,Somatostatin receptors,SST5 receptor,P35346,['Gi'],
200,Class A (Rhodopsin),Peptide receptors,Tachykinin receptors,NK1 receptor,P25103,['Gq/11'],2KS9
201,Class A (Rhodopsin),Peptide receptors,Tachykinin receptors,NK1 receptor,P25103,['Gq/11'],2KSA
202,Class A (Rhodopsin),Peptide receptors,Tachykinin receptors,NK1 receptor,P25103,['Gq/11'],2KSB
203,Class A (Rhodopsin),Peptide receptors,Tachykinin receptors,NK1 receptor,P25103,['Gq/11'],6E59
204,Class A (Rhodopsin),Peptide receptors,Tachykinin receptors,NK1 receptor,P25103,['Gq/11'],6HLL
205,Class A (Rhodopsin),Peptide receptors,Tachykinin receptors,NK1 receptor,P25103,['Gq/11'],6HLO
206,Class A (Rhodopsin),Peptide receptors,Tachykinin receptors,NK1 receptor,P25103,['Gq/11'],6HLP
207,Class A (Rhodopsin),Peptide receptors,Tachykinin receptors,NK2 receptor,P21452,['Gq/11'],
208,Class A (Rhodopsin),Peptide receptors,Tachykinin receptors,NK3 receptor,P29371,['Gq/11'],
209,Class A (Rhodopsin),Peptide receptors,Thyrotropin-releasing hormone receptors,TRH1 receptor,P34981,['Gq/11'],
210,Class A (Rhodopsin),Peptide receptors,Urotensin receptors,UT receptor,Q9UKP6,['Gq/11'],6HVK
211,Class A (Rhodopsin),Peptide receptors,Vasopressin and oxytocin receptors,V1A receptor,P37288,['Gq/11'],1YTV
212,Class A (Rhodopsin),Peptide receptors,Vasopressin and oxytocin receptors,V1B receptor,P47901,['Gq/11'],
213,Class A (Rhodopsin),Peptide receptors,Vasopressin and oxytocin receptors,V2 receptor,P30518,['Gs'],4JQI
214,Class A (Rhodopsin),Peptide receptors,Vasopressin and oxytocin receptors,V2 receptor,P30518,['Gs'],6NI2
215,Class A (Rhodopsin),Peptide receptors,Vasopressin and oxytocin receptors,OT receptor,P30559,['Gq/11'],
216,Class A (Rhodopsin),Protein receptors,Chemerin receptor,chemerin receptor,Q99788,,
217,Class A (Rhodopsin),Protein receptors,Chemokine receptors,CCR1,P32246,['Gi'],
218,Class A (Rhodopsin),Protein receptors,Chemokine receptors,CCR2,P41597,['Gi'],2MLO
219,Class A (Rhodopsin),Protein receptors,Chemokine receptors,CCR2,P41597,['Gi'],2MLQ
220,Class A (Rhodopsin),Protein receptors,Chemokine receptors,CCR2,P41597,['Gi'],5T1A
221,Class A (Rhodopsin),Protein receptors,Chemokine receptors,CCR3,P51677,['Gi'],
222,Class A (Rhodopsin),Protein receptors,Chemokine receptors,CCR4,P51679,['Gi'],
223,Class A (Rhodopsin),Protein receptors,Chemokine receptors,CCR5,P51681,['Gi'],2L87
224,Class A (Rhodopsin),Protein receptors,Chemokine receptors,CCR5,P51681,['Gi'],2MZX
225,Class A (Rhodopsin),Protein receptors,Chemokine receptors,CCR5,P51681,['Gi'],2RLL
226,Class A (Rhodopsin),Protein receptors,Chemokine receptors,CCR5,P51681,['Gi'],2RRS
227,Class A (Rhodopsin),Protein receptors,Chemokine receptors,CCR5,P51681,['Gi'],4MBS
228,Class A (Rhodopsin),Protein receptors,Chemokine receptors,CCR5,P51681,['Gi'],5UIW
229,Class A (Rhodopsin),Protein receptors,Chemokine receptors,CCR5,P51681,['Gi'],5YD3
230,Class A (Rhodopsin),Protein receptors,Chemokine receptors,CCR5,P51681,['Gi'],5YD4
231,Class A (Rhodopsin),Protein receptors,Chemokine receptors,CCR5,P51681,['Gi'],5YD5
232,Class A (Rhodopsin),Protein receptors,Chemokine receptors,CCR5,P51681,['Gi'],5YY4
233,Class A (Rhodopsin),Protein receptors,Chemokine receptors,CCR5,P51681,['Gi'],6FGP
234,Class A (Rhodopsin),Protein receptors,Chemokine receptors,CCR5,P51681,['Gi'],6MEO
235,Class A (Rhodopsin),Protein receptors,Chemokine receptors,CCR5,P51681,['Gi'],6MET
236,Class A (Rhodopsin),Protein receptors,Chemokine receptors,CCR6,P51684,['Gi'],
237,Class A (Rhodopsin),Protein receptors,Chemokine receptors,CCR7,P32248,['Gi'],6QZH
238,Class A (Rhodopsin),Protein receptors,Chemokine receptors,CCR8,P51685,['Gi'],
239,Class A (Rhodopsin),Protein receptors,Chemokine receptors,CCR9,P51686,['Gi'],5LWE
240,Class A (Rhodopsin),Protein receptors,Chemokine receptors,CCR10,P46092,['Gi'],
241,Class A (Rhodopsin),Protein receptors,Chemokine receptors,CXCR1,P25024,['Gi'],1ILP
242,Class A (Rhodopsin),Protein receptors,Chemokine receptors,CXCR1,P25024,['Gi'],1ILQ
243,Class A (Rhodopsin),Protein receptors,Chemokine receptors,CXCR1,P25024,['Gi'],2LNL
244,Class A (Rhodopsin),Protein receptors,Chemokine receptors,CXCR2,P25025,['Gi'],4Q3H
245,Class A (Rhodopsin),Protein receptors,Chemokine receptors,CXCR2,P25025,['Gi'],5TYT
246,Class A (Rhodopsin),Protein receptors,Chemokine receptors,CXCR3,P49682,['Gi'],
247,Class A (Rhodopsin),Protein receptors,Chemokine receptors,CXCR4,P61073,['Gi'],2K03
248,Class A (Rhodopsin),Protein receptors,Chemokine receptors,CXCR4,P61073,['Gi'],2K04
249,Class A (Rhodopsin),Protein receptors,Chemokine receptors,CXCR4,P61073,['Gi'],2K05
250,Class A (Rhodopsin),Protein receptors,Chemokine receptors,CXCR4,P61073,['Gi'],2N55
251,Class A (Rhodopsin),Protein receptors,Chemokine receptors,CXCR4,P61073,['Gi'],3ODU
252,Class A (Rhodopsin),Protein receptors,Chemokine receptors,CXCR4,P61073,['Gi'],3OE0
253,Class A (Rhodopsin),Protein receptors,Chemokine receptors,CXCR4,P61073,['Gi'],3OE6
254,Class A (Rhodopsin),Protein receptors,Chemokine receptors,CXCR4,P61073,['Gi'],3OE8
255,Class A (Rhodopsin),Protein receptors,Chemokine receptors,CXCR4,P61073,['Gi'],3OE9
256,Class A (Rhodopsin),Protein receptors,Chemokine receptors,CXCR4,P61073,['Gi'],4RWS
257,Class A (Rhodopsin),Protein receptors,Chemokine receptors,CXCR5,P32302,['Gi'],
258,Class A (Rhodopsin),Protein receptors,Chemokine receptors,CXCR6,O00574,['Gi'],
259,Class A (Rhodopsin),Protein receptors,Chemokine receptors,CX3CR1,P49238,['Gi'],
260,Class A (Rhodopsin),Protein receptors,Chemokine receptors,XCR1,P46094,['Gq/11'],
261,Class A (Rhodopsin),Protein receptors,Chemokine receptors,ACKR1,Q16570,,4NUU
262,Class A (Rhodopsin),Protein receptors,Chemokine receptors,ACKR1,Q16570,,4NUV
263,Class A (Rhodopsin),Protein receptors,Chemokine receptors,ACKR2,O00590,,
264,Class A (Rhodopsin),Protein receptors,Chemokine receptors,ACKR3,P25106,['Gi'],
265,Class A (Rhodopsin),Protein receptors,Chemokine receptors,ACKR4,Q9NPB9,,
266,Class A (Rhodopsin),Protein receptors,Chemokine receptors,CCRL2,O00421,,
267,Class A (Rhodopsin),Protein receptors,Glycoprotein hormone receptors,FSH receptor,P23945,['Gs'],1XWD
268,Class A (Rhodopsin),Protein receptors,Glycoprotein hormone receptors,FSH receptor,P23945,['Gs'],4AY9
269,Class A (Rhodopsin),Protein receptors,Glycoprotein hormone receptors,FSH receptor,P23945,['Gs'],4MQW
270,Class A (Rhodopsin),Protein receptors,Glycoprotein hormone receptors,LH receptor,P22888,['Gs'],
271,Class A (Rhodopsin),Protein receptors,Glycoprotein hormone receptors,TSH receptor,P16473,['Gs'],2XWT
272,Class A (Rhodopsin),Protein receptors,Glycoprotein hormone receptors,TSH receptor,P16473,['Gs'],3G04
273,Class A (Rhodopsin),Protein receptors,Prokineticin receptors,PKR1,Q8TCW9,['Gq/11'],
274,Class A (Rhodopsin),Protein receptors,Prokineticin receptors,PKR2,Q8NFJ6,['Gq/11'],
275,Class A (Rhodopsin),Lipid receptors,Free fatty acid receptors,FFA1 receptor,O14842,['Gq/11'],4PHU
276,Class A (Rhodopsin),Lipid receptors,Free fatty acid receptors,FFA1 receptor,O14842,['Gq/11'],5KW2
277,Class A (Rhodopsin),Lipid receptors,Free fatty acid receptors,FFA1 receptor,O14842,['Gq/11'],5TZR
278,Class A (Rhodopsin),Lipid receptors,Free fatty acid receptors,FFA1 receptor,O14842,['Gq/11'],5TZY
279,Class A (Rhodopsin),Lipid receptors,Free fatty acid receptors,FFA2 receptor,O15552,['Gq/11'],
280,Class A (Rhodopsin),Lipid receptors,Free fatty acid receptors,FFA3 receptor,O14843,['Gq/11'],
281,Class A (Rhodopsin),Lipid receptors,Free fatty acid receptors,FFA4 receptor,Q5NUL3,['Gq/11'],
282,Class A (Rhodopsin),Lipid receptors,Leukotriene receptors,BLT1 receptor,Q15722,['Gq/11'],
283,Class A (Rhodopsin),Lipid receptors,Leukotriene receptors,BLT2 receptor,Q9NPC1,['Gq/11'],
284,Class A (Rhodopsin),Lipid receptors,Leukotriene receptors,CysLT1 receptor,Q9Y271,['Gq/11'],6RZ4
285,Class A (Rhodopsin),Lipid receptors,Leukotriene receptors,CysLT1 receptor,Q9Y271,['Gq/11'],6RZ5
286,Class A (Rhodopsin),Lipid receptors,Leukotriene receptors,CysLT2 receptor,Q9NS75,"['Gq/11', 'Gs']",
287,Class A (Rhodopsin),Lipid receptors,Leukotriene receptors,OXE receptor,Q8TDS5,['Gi'],
288,Class A (Rhodopsin),Lipid receptors,Leukotriene receptors,FPR2/ALX,P25090,"['Gq/11', 'Gi']",
289,Class A (Rhodopsin),Lipid receptors,Lysophospholipid (LPA) receptors,LPA1 receptor,Q92633,"['Gq/11', 'Gi']",4Z34
290,Class A (Rhodopsin),Lipid receptors,Lysophospholipid (LPA) receptors,LPA1 receptor,Q92633,"['Gq/11', 'Gi']",4Z35
291,Class A (Rhodopsin),Lipid receptors,Lysophospholipid (LPA) receptors,LPA1 receptor,Q92633,"['Gq/11', 'Gi']",4Z36
292,Class A (Rhodopsin),Lipid receptors,Lysophospholipid (LPA) receptors,LPA2 receptor,Q9HBW0,"['Gq/11', 'Gi']",4P0C
293,Class A (Rhodopsin),Lipid receptors,Lysophospholipid (LPA) receptors,LPA3 receptor,Q9UBY5,"['Gq/11', 'Gi']",
294,Class A (Rhodopsin),Lipid receptors,Lysophospholipid (LPA) receptors,LPA4 receptor,Q99677,['Gq/11'],
295,Class A (Rhodopsin),Lipid receptors,Lysophospholipid (LPA) receptors,LPA5 receptor,Q9H1C0,"['Gq/11', 'Gi']",
296,Class A (Rhodopsin),Lipid receptors,Lysophospholipid (LPA) receptors,LPA6 receptor,P43657,['Gq/11'],
297,Class A (Rhodopsin),Lipid receptors,Lysophospholipid (S1P) receptors,S1P1 receptor,P21453,['Gi'],3V2W
298,Class A (Rhodopsin),Lipid receptors,Lysophospholipid (S1P) receptors,S1P1 receptor,P21453,['Gi'],3V2Y
299,Class A (Rhodopsin),Lipid receptors,Lysophospholipid (S1P) receptors,S1P2 receptor,O95136,['Gi'],
300,Class A (Rhodopsin),Lipid receptors,Lysophospholipid (S1P) receptors,S1P3 receptor,Q99500,['Gi'],
301,Class A (Rhodopsin),Lipid receptors,Lysophospholipid (S1P) receptors,S1P4 receptor,O95977,['Gi'],2DCO
302,Class A (Rhodopsin),Lipid receptors,Lysophospholipid (S1P) receptors,S1P5 receptor,Q9H228,['Gi'],
303,Class A (Rhodopsin),Lipid receptors,Cannabinoid receptors,CB1 receptor,P21554,['Gi'],1LVQ
304,Class A (Rhodopsin),Lipid receptors,Cannabinoid receptors,CB1 receptor,P21554,['Gi'],1LVR
305,Class A (Rhodopsin),Lipid receptors,Cannabinoid receptors,CB1 receptor,P21554,['Gi'],2B0Y
306,Class A (Rhodopsin),Lipid receptors,Cannabinoid receptors,CB1 receptor,P21554,['Gi'],2KOE
307,Class A (Rhodopsin),Lipid receptors,Cannabinoid receptors,CB1 receptor,P21554,['Gi'],2MZ2
308,Class A (Rhodopsin),Lipid receptors,Cannabinoid receptors,CB1 receptor,P21554,['Gi'],2MZ3
309,Class A (Rhodopsin),Lipid receptors,Cannabinoid receptors,CB1 receptor,P21554,['Gi'],2MZA
310,Class A (Rhodopsin),Lipid receptors,Cannabinoid receptors,CB1 receptor,P21554,['Gi'],5TGZ
311,Class A (Rhodopsin),Lipid receptors,Cannabinoid receptors,CB1 receptor,P21554,['Gi'],5U09
312,Class A (Rhodopsin),Lipid receptors,Cannabinoid receptors,CB1 receptor,P21554,['Gi'],5XR8
313,Class A (Rhodopsin),Lipid receptors,Cannabinoid receptors,CB1 receptor,P21554,['Gi'],5XRA
314,Class A (Rhodopsin),Lipid receptors,Cannabinoid receptors,CB1 receptor,P21554,['Gi'],6KQI
315,Class A (Rhodopsin),Lipid receptors,Cannabinoid receptors,CB1 receptor,P21554,['Gi'],6N4B
316,Class A (Rhodopsin),Lipid receptors,Cannabinoid receptors,CB2 receptor,P34972,['Gi'],2KI9
317,Class A (Rhodopsin),Lipid receptors,Cannabinoid receptors,CB2 receptor,P34972,['Gi'],5ZTY
318,Class A (Rhodopsin),Lipid receptors,Platelet-activating factor receptors,PAF receptor,P25105,['Gq/11'],
319,Class A (Rhodopsin),Lipid receptors,Prostanoid receptors,DP1 receptor,Q13258,['Gs'],
320,Class A (Rhodopsin),Lipid receptors,Prostanoid receptors,DP2 receptor,Q9Y5Y4,['Gi'],6D26
321,Class A (Rhodopsin),Lipid receptors,Prostanoid receptors,DP2 receptor,Q9Y5Y4,['Gi'],6D27
322,Class A (Rhodopsin),Lipid receptors,Prostanoid receptors,EP1 receptor,P34995,['Gq/11'],
323,Class A (Rhodopsin),Lipid receptors,Prostanoid receptors,EP2 receptor,P43116,['Gs'],
324,Class A (Rhodopsin),Lipid receptors,Prostanoid receptors,EP3 receptor,P43115,['Gi'],6AK3
325,Class A (Rhodopsin),Lipid receptors,Prostanoid receptors,EP3 receptor,P43115,['Gi'],6M9T
326,Class A (Rhodopsin),Lipid receptors,Prostanoid receptors,EP4 receptor,P35408,['Gs'],5YHL
327,Class A (Rhodopsin),Lipid receptors,Prostanoid receptors,EP4 receptor,P35408,['Gs'],5YWY
328,Class A (Rhodopsin),Lipid receptors,Prostanoid receptors,FP receptor,P43088,['Gq/11'],
329,Class A (Rhodopsin),Lipid receptors,Prostanoid receptors,IP receptor,P43119,['Gs'],
330,Class A (Rhodopsin),Lipid receptors,Prostanoid receptors,TP receptor,P21731,"['Gq/11', 'G12/13']",
331,Class A (Rhodopsin),Melatonin receptors,Melatonin,MT1 receptor,P48039,['Gi'],6ME2
332,Class A (Rhodopsin),Melatonin receptors,Melatonin,MT1 receptor,P48039,['Gi'],6ME3
333,Class A (Rhodopsin),Melatonin receptors,Melatonin,MT1 receptor,P48039,['Gi'],6ME4
334,Class A (Rhodopsin),Melatonin receptors,Melatonin,MT1 receptor,P48039,['Gi'],6ME5
335,Class A (Rhodopsin),Melatonin receptors,Melatonin,MT2 receptor,P49286,['Gi'],6ME6
336,Class A (Rhodopsin),Melatonin receptors,Melatonin,MT2 receptor,P49286,['Gi'],6ME7
337,Class A (Rhodopsin),Melatonin receptors,Melatonin,MT2 receptor,P49286,['Gi'],6ME8
338,Class A (Rhodopsin),Melatonin receptors,Melatonin,MT2 receptor,P49286,['Gi'],6ME9
339,Class A (Rhodopsin),Nucleotide receptors,Adenosine receptors,A1 receptor,P30542,['Gi'],5N2S
340,Class A (Rhodopsin),Nucleotide receptors,Adenosine receptors,A1 receptor,P30542,['Gi'],5UEN
341,Class A (Rhodopsin),Nucleotide receptors,Adenosine receptors,A1 receptor,P30542,['Gi'],6D9H
342,Class A (Rhodopsin),Nucleotide receptors,Adenosine receptors,A2A receptor,P29274,['Gs'],2YDO
343,Class A (Rhodopsin),Nucleotide receptors,Adenosine receptors,A2A receptor,P29274,['Gs'],2YDV
344,Class A (Rhodopsin),Nucleotide receptors,Adenosine receptors,A2A receptor,P29274,['Gs'],3EML
345,Class A (Rhodopsin),Nucleotide receptors,Adenosine receptors,A2A receptor,P29274,['Gs'],3PWH
346,Class A (Rhodopsin),Nucleotide receptors,Adenosine receptors,A2A receptor,P29274,['Gs'],3QAK
347,Class A (Rhodopsin),Nucleotide receptors,Adenosine receptors,A2A receptor,P29274,['Gs'],3REY
348,Class A (Rhodopsin),Nucleotide receptors,Adenosine receptors,A2A receptor,P29274,['Gs'],3RFM
349,Class A (Rhodopsin),Nucleotide receptors,Adenosine receptors,A2A receptor,P29274,['Gs'],3UZA
350,Class A (Rhodopsin),Nucleotide receptors,Adenosine receptors,A2A receptor,P29274,['Gs'],3UZC
351,Class A (Rhodopsin),Nucleotide receptors,Adenosine receptors,A2A receptor,P29274,['Gs'],3VG9
352,Class A (Rhodopsin),Nucleotide receptors,Adenosine receptors,A2A receptor,P29274,['Gs'],3VGA
353,Class A (Rhodopsin),Nucleotide receptors,Adenosine receptors,A2A receptor,P29274,['Gs'],4EIY
354,Class A (Rhodopsin),Nucleotide receptors,Adenosine receptors,A2A receptor,P29274,['Gs'],4UG2
355,Class A (Rhodopsin),Nucleotide receptors,Adenosine receptors,A2A receptor,P29274,['Gs'],4UHR
356,Class A (Rhodopsin),Nucleotide receptors,Adenosine receptors,A2A receptor,P29274,['Gs'],5G53
357,Class A (Rhodopsin),Nucleotide receptors,Adenosine receptors,A2A receptor,P29274,['Gs'],5IU4
358,Class A (Rhodopsin),Nucleotide receptors,Adenosine receptors,A2A receptor,P29274,['Gs'],5IU7
359,Class A (Rhodopsin),Nucleotide receptors,Adenosine receptors,A2A receptor,P29274,['Gs'],5IU8
360,Class A (Rhodopsin),Nucleotide receptors,Adenosine receptors,A2A receptor,P29274,['Gs'],5IUA
361,Class A (Rhodopsin),Nucleotide receptors,Adenosine receptors,A2A receptor,P29274,['Gs'],5IUB
362,Class A (Rhodopsin),Nucleotide receptors,Adenosine receptors,A2A receptor,P29274,['Gs'],5JTB
363,Class A (Rhodopsin),Nucleotide receptors,Adenosine receptors,A2A receptor,P29274,['Gs'],5K2A
364,Class A (Rhodopsin),Nucleotide receptors,Adenosine receptors,A2A receptor,P29274,['Gs'],5K2B
365,Class A (Rhodopsin),Nucleotide receptors,Adenosine receptors,A2A receptor,P29274,['Gs'],5K2C
366,Class A (Rhodopsin),Nucleotide receptors,Adenosine receptors,A2A receptor,P29274,['Gs'],5K2D
367,Class A (Rhodopsin),Nucleotide receptors,Adenosine receptors,A2A receptor,P29274,['Gs'],5MZJ
368,Class A (Rhodopsin),Nucleotide receptors,Adenosine receptors,A2A receptor,P29274,['Gs'],5MZP
369,Class A (Rhodopsin),Nucleotide receptors,Adenosine receptors,A2A receptor,P29274,['Gs'],5N2R
370,Class A (Rhodopsin),Nucleotide receptors,Adenosine receptors,A2A receptor,P29274,['Gs'],5NLX
371,Class A (Rhodopsin),Nucleotide receptors,Adenosine receptors,A2A receptor,P29274,['Gs'],5NM2
372,Class A (Rhodopsin),Nucleotide receptors,Adenosine receptors,A2A receptor,P29274,['Gs'],5NM4
373,Class A (Rhodopsin),Nucleotide receptors,Adenosine receptors,A2A receptor,P29274,['Gs'],5OLG
374,Class A (Rhodopsin),Nucleotide receptors,Adenosine receptors,A2A receptor,P29274,['Gs'],5OLH
375,Class A (Rhodopsin),Nucleotide receptors,Adenosine receptors,A2A receptor,P29274,['Gs'],5OLO
376,Class A (Rhodopsin),Nucleotide receptors,Adenosine receptors,A2A receptor,P29274,['Gs'],5OLV
377,Class A (Rhodopsin),Nucleotide receptors,Adenosine receptors,A2A receptor,P29274,['Gs'],5OLZ
378,Class A (Rhodopsin),Nucleotide receptors,Adenosine receptors,A2A receptor,P29274,['Gs'],5OM1
379,Class A (Rhodopsin),Nucleotide receptors,Adenosine receptors,A2A receptor,P29274,['Gs'],5OM4
380,Class A (Rhodopsin),Nucleotide receptors,Adenosine receptors,A2A receptor,P29274,['Gs'],5UIG
381,Class A (Rhodopsin),Nucleotide receptors,Adenosine receptors,A2A receptor,P29274,['Gs'],5UVI
382,Class A (Rhodopsin),Nucleotide receptors,Adenosine receptors,A2A receptor,P29274,['Gs'],5VRA
383,Class A (Rhodopsin),Nucleotide receptors,Adenosine receptors,A2A receptor,P29274,['Gs'],5WF5
384,Class A (Rhodopsin),Nucleotide receptors,Adenosine receptors,A2A receptor,P29274,['Gs'],5WF6
385,Class A (Rhodopsin),Nucleotide receptors,Adenosine receptors,A2A receptor,P29274,['Gs'],6AQF
386,Class A (Rhodopsin),Nucleotide receptors,Adenosine receptors,A2A receptor,P29274,['Gs'],6GDG
387,Class A (Rhodopsin),Nucleotide receptors,Adenosine receptors,A2A receptor,P29274,['Gs'],6GT3
388,Class A (Rhodopsin),Nucleotide receptors,Adenosine receptors,A2A receptor,P29274,['Gs'],6JZH
389,Class A (Rhodopsin),Nucleotide receptors,Adenosine receptors,A2A receptor,P29274,['Gs'],6MH8
390,Class A (Rhodopsin),Nucleotide receptors,Adenosine receptors,A2A receptor,P29274,['Gs'],6PS7
391,Class A (Rhodopsin),Nucleotide receptors,Adenosine receptors,A2B receptor,P29275,['Gs'],
392,Class A (Rhodopsin),Nucleotide receptors,Adenosine receptors,A3 receptor,P0DMS8,['Gi'],
393,Class A (Rhodopsin),Nucleotide receptors,P2Y receptors,P2Y1 receptor,P47900,['Gq/11'],4XNV
394,Class A (Rhodopsin),Nucleotide receptors,P2Y receptors,P2Y1 receptor,P47900,['Gq/11'],4XNW
395,Class A (Rhodopsin),Nucleotide receptors,P2Y receptors,P2Y2 receptor,P41231,['Gq/11'],
396,Class A (Rhodopsin),Nucleotide receptors,P2Y receptors,P2Y4 receptor,P51582,['Gi'],
397,Class A (Rhodopsin),Nucleotide receptors,P2Y receptors,P2Y6 receptor,Q15077,['Gq/11'],
398,Class A (Rhodopsin),Nucleotide receptors,P2Y receptors,P2Y11 receptor,Q96G91,"['Gq/11', 'Gs']",
399,Class A (Rhodopsin),Nucleotide receptors,P2Y receptors,P2Y12 receptor,Q9H244,['Gi'],4NTJ
400,Class A (Rhodopsin),Nucleotide receptors,P2Y receptors,P2Y12 receptor,Q9H244,['Gi'],4PXZ
401,Class A (Rhodopsin),Nucleotide receptors,P2Y receptors,P2Y12 receptor,Q9H244,['Gi'],4PY0
402,Class A (Rhodopsin),Nucleotide receptors,P2Y receptors,P2Y13 receptor,Q9BPV8,['Gi'],
403,Class A (Rhodopsin),Nucleotide receptors,P2Y receptors,P2Y14 receptor,Q15391,['Gi'],
404,Class A (Rhodopsin),Steroid receptors,Bile acid receptors,GPBA receptor,Q8TDU6,['Gs'],
405,Class A (Rhodopsin),Steroid receptors,Estrogen (G protein-coupled) receptors,GPER,Q99527,['Gi'],
406,Class A (Rhodopsin),Alicarboxylic acid receptors,Hydroxycarboxylic acid receptors,HCA1 receptor,Q9BXC0,['Gi'],
407,Class A (Rhodopsin),Alicarboxylic acid receptors,Hydroxycarboxylic acid receptors,HCA2 receptor,Q8TDS4,['Gi'],
408,Class A (Rhodopsin),Alicarboxylic acid receptors,Hydroxycarboxylic acid receptors,HCA3 receptor,P49019,['Gi'],
409,Class A (Rhodopsin),Alicarboxylic acid receptors,Oxoglutarate receptors,oxoglutarate receptor,Q96P68,['Gi'],
410,Class A (Rhodopsin),Alicarboxylic acid receptors,Succinate receptors,succinate receptor,Q9BXA5,['Gi'],
411,Class A (Rhodopsin),Sensory receptors,Opsins,Melanopsin,Q9UHM6,['Gq/11'],
412,Class A (Rhodopsin),Orphan receptors,Class A orphans,GPR1,P46091,,
413,Class A (Rhodopsin),Orphan receptors,Class A orphans,BB3 receptor,P32247,['Gq/11'],
414,Class A (Rhodopsin),Orphan receptors,Class A orphans,GPR3,P46089,,
415,Class A (Rhodopsin),Orphan receptors,Class A orphans,GPR4,P46093,['Gq/11'],
416,Class A (Rhodopsin),Orphan receptors,Class A orphans,GPR42,O15529,,
417,Class A (Rhodopsin),Orphan receptors,Class A orphans,GPR6,P46095,,
418,Class A (Rhodopsin),Orphan receptors,Class A orphans,GPR12,P47775,,
419,Class A (Rhodopsin),Orphan receptors,Class A orphans,GPR15,P49685,['Gs'],
420,Class A (Rhodopsin),Orphan receptors,Class A orphans,GPR17,Q13304,"['Gq/11', 'Gi']",
421,Class A (Rhodopsin),Orphan receptors,Class A orphans,GPR18,Q14330,['Gi'],
422,Class A (Rhodopsin),Orphan receptors,Class A orphans,GPR19,Q15760,,
423,Class A (Rhodopsin),Orphan receptors,Class A orphans,GPR20,Q99678,['Gs'],
424,Class A (Rhodopsin),Orphan receptors,Class A orphans,GPR21,Q99679,,
425,Class A (Rhodopsin),Orphan receptors,Class A orphans,GPR22,Q99680,,
426,Class A (Rhodopsin),Orphan receptors,Class A orphans,GPR25,O00155,['Gs'],
427,Class A (Rhodopsin),Orphan receptors,Class A orphans,GPR26,Q8NDV2,,
428,Class A (Rhodopsin),Orphan receptors,Class A orphans,GPR27,Q9NS67,['Gs'],
429,Class A (Rhodopsin),Orphan receptors,Class A orphans,GPR31,O00270,['Gi'],
430,Class A (Rhodopsin),Orphan receptors,Class A orphans,GPR32,O75388,['Gs'],
431,Class A (Rhodopsin),Orphan receptors,Class A orphans,GPR33,Q49SQ1,,
432,Class A (Rhodopsin),Orphan receptors,Class A orphans,GPR34,Q9UPC5,,
433,Class A (Rhodopsin),Orphan receptors,Class A orphans,GPR35,Q9HC97,,
434,Class A (Rhodopsin),Orphan receptors,Class A orphans,GPR37,O15354,['Gi'],
435,Class A (Rhodopsin),Orphan receptors,Class A orphans,GPR37L1,O60883,['Gi'],
436,Class A (Rhodopsin),Orphan receptors,Class A orphans,GPR39,O43194,"['Gq/11', 'Gs']",
437,Class A (Rhodopsin),Orphan receptors,Class A orphans,GPR45,Q9Y5Y3,['Gs'],
438,Class A (Rhodopsin),Orphan receptors,Class A orphans,GPR50,Q13585,,
439,Class A (Rhodopsin),Orphan receptors,Class A orphans,GPR52,Q9Y2T5,,
440,Class A (Rhodopsin),Orphan receptors,Class A orphans,GPR55,Q9Y2T6,['Gi'],
441,Class A (Rhodopsin),Orphan receptors,Class A orphans,GPR61,Q9BZJ8,,
442,Class A (Rhodopsin),Orphan receptors,Class A orphans,GPR62,Q9BZJ7,,
443,Class A (Rhodopsin),Orphan receptors,Class A orphans,GPR63,Q9BZJ6,,
444,Class A (Rhodopsin),Orphan receptors,Class A orphans,GPR65,Q8IYL9,['Gq/11'],
445,Class A (Rhodopsin),Orphan receptors,Class A orphans,GPR68,Q15743,['Gq/11'],
446,Class A (Rhodopsin),Orphan receptors,Class A orphans,GPR75,O95800,,
447,Class A (Rhodopsin),Orphan receptors,Class A orphans,GPR78,Q96P69,,
448,Class A (Rhodopsin),Orphan receptors,Class A orphans,GPR82,Q96P67,,
449,Class A (Rhodopsin),Orphan receptors,Class A orphans,GPR83,Q9NYM4,['Gs'],
450,Class A (Rhodopsin),Orphan receptors,Class A orphans,GPR84,Q9NQS5,['Gs'],
451,Class A (Rhodopsin),Orphan receptors,Class A orphans,GPR85,P60893,,
452,Class A (Rhodopsin),Orphan receptors,Class A orphans,GPR87,Q9BY21,,
453,Class A (Rhodopsin),Orphan receptors,Class A orphans,GPR88,Q9GZN0,,
454,Class A (Rhodopsin),Orphan receptors,Class A orphans,GPR101,Q96P66,,
455,Class A (Rhodopsin),Orphan receptors,Class A orphans,GPR119,Q8TDV5,,
456,Class A (Rhodopsin),Orphan receptors,Class A orphans,GPR132,Q9UNW8,['Gq/11'],
457,Class A (Rhodopsin),Orphan receptors,Class A orphans,GPR135,Q8IZ08,,
458,Class A (Rhodopsin),Orphan receptors,Class A orphans,GPR139,Q6DWJ6,,
459,Class A (Rhodopsin),Orphan receptors,Class A orphans,GPR141,Q7Z602,,
460,Class A (Rhodopsin),Orphan receptors,Class A orphans,GPR142,Q7Z601,,
461,Class A (Rhodopsin),Orphan receptors,Class A orphans,GPR146,Q96CH1,,
462,Class A (Rhodopsin),Orphan receptors,Class A orphans,GPR148,Q8TDV2,,
463,Class A (Rhodopsin),Orphan receptors,Class A orphans,GPR149,Q86SP6,,
464,Class A (Rhodopsin),Orphan receptors,Class A orphans,GPR150,Q8NGU9,['Gs'],
465,Class A (Rhodopsin),Orphan receptors,Class A orphans,GPR151,Q8TDV0,,
466,Class A (Rhodopsin),Orphan receptors,Class A orphans,GPR152,Q8TDT2,,
467,Class A (Rhodopsin),Orphan receptors,Class A orphans,GPR153,Q6NV75,,
468,Class A (Rhodopsin),Orphan receptors,Class A orphans,GPR160,Q9UJ42,,
469,Class A (Rhodopsin),Orphan receptors,Class A orphans,GPR161,Q8N6U8,,
470,Class A (Rhodopsin),Orphan receptors,Class A orphans,GPR162,Q16538,,
471,Class A (Rhodopsin),Orphan receptors,Class A orphans,GPR171,O14626,,
472,Class A (Rhodopsin),Orphan receptors,Class A orphans,GPR173,Q9NS66,,
473,Class A (Rhodopsin),Orphan receptors,Class A orphans,GPR174,Q9BXC1,,
474,Class A (Rhodopsin),Orphan receptors,Class A orphans,GPR176,Q14439,['Gs'],
475,Class A (Rhodopsin),Orphan receptors,Class A orphans,GPR182,O15218,,
476,Class A (Rhodopsin),Orphan receptors,Class A orphans,GPR183,P32249,['Gi'],
477,Class A (Rhodopsin),Orphan receptors,Class A orphans,MAS1,P04201,,
478,Class A (Rhodopsin),Orphan receptors,Class A orphans,MAS1L,P35410,,
479,Class A (Rhodopsin),Orphan receptors,Class A orphans,MRGPRD,Q8TDS7,,
480,Class A (Rhodopsin),Orphan receptors,Class A orphans,MRGPRE,Q86SM8,,
481,Class A (Rhodopsin),Orphan receptors,Class A orphans,MRGPRF,Q96AM1,,
482,Class A (Rhodopsin),Orphan receptors,Class A orphans,MRGPRG,Q86SM5,,
483,Class A (Rhodopsin),Orphan receptors,Class A orphans,MRGPRX1,Q96LB2,,
484,Class A (Rhodopsin),Orphan receptors,Class A orphans,MRGPRX2,Q96LB1,,
485,Class A (Rhodopsin),Orphan receptors,Class A orphans,MRGPRX3,Q96LB0,,
486,Class A (Rhodopsin),Orphan receptors,Class A orphans,MRGPRX4,Q96LA9,,
487,Class A (Rhodopsin),Orphan receptors,Class A orphans,P2RY8,Q86VZ1,,
488,Class A (Rhodopsin),Orphan receptors,Class A orphans,P2RY10,O00398,['Gq/11'],
489,Class A (Rhodopsin),Orphan receptors,Class A orphans,TAAR2,Q9P1P5,['Gs'],
490,Class A (Rhodopsin),Orphan receptors,Class A orphans,TAAR3,Q9P1P4,['Gs'],
491,Class A (Rhodopsin),Orphan receptors,Class A orphans,TAAR5,O14804,['Gs'],
492,Class A (Rhodopsin),Orphan receptors,Class A orphans,TAAR6,Q96RI8,['Gs'],
493,Class A (Rhodopsin),Orphan receptors,Class A orphans,TAAR8,Q969N4,['Gs'],
494,Class A (Rhodopsin),Orphan receptors,Class A orphans,TAAR9,Q96RI9,['Gs'],
495,Class B1 (Secretin),Peptide receptors,Calcitonin receptors,CT receptor,P30988,['Gs'],5II0
496,Class B1 (Secretin),Peptide receptors,Calcitonin receptors,CT receptor,P30988,['Gs'],5UZ7
497,Class B1 (Secretin),Peptide receptors,Calcitonin receptors,CT receptor,P30988,['Gs'],6NIY
498,Class B1 (Secretin),Peptide receptors,Calcitonin receptors,calcitonin receptor-like receptor,Q16602,['Gs'],3AQF
499,Class B1 (Secretin),Peptide receptors,Calcitonin receptors,calcitonin receptor-like receptor,Q16602,['Gs'],3N7P
500,Class B1 (Secretin),Peptide receptors,Calcitonin receptors,calcitonin receptor-like receptor,Q16602,['Gs'],3N7R
501,Class B1 (Secretin),Peptide receptors,Calcitonin receptors,calcitonin receptor-like receptor,Q16602,['Gs'],3N7S
502,Class B1 (Secretin),Peptide receptors,Calcitonin receptors,calcitonin receptor-like receptor,Q16602,['Gs'],4RWF
503,Class B1 (Secretin),Peptide receptors,Calcitonin receptors,calcitonin receptor-like receptor,Q16602,['Gs'],4RWG
504,Class B1 (Secretin),Peptide receptors,Calcitonin receptors,calcitonin receptor-like receptor,Q16602,['Gs'],5V6Y
505,Class B1 (Secretin),Peptide receptors,Calcitonin receptors,calcitonin receptor-like receptor,Q16602,['Gs'],6D1U
506,Class B1 (Secretin),Peptide receptors,Calcitonin receptors,calcitonin receptor-like receptor,Q16602,['Gs'],6E3Y
507,Class B1 (Secretin),Peptide receptors,Corticotropin-releasing factor receptors,CRF2 receptor,Q13324,['Gs'],3N93
508,Class B1 (Secretin),Peptide receptors,Corticotropin-releasing factor receptors,CRF2 receptor,Q13324,['Gs'],3N95
509,Class B1 (Secretin),Peptide receptors,Corticotropin-releasing factor receptors,CRF2 receptor,Q13324,['Gs'],3N96
510,Class B1 (Secretin),Peptide receptors,Glucagon receptor family,GHRH receptor,Q02643,['Gs'],2XDG
511,Class B1 (Secretin),Peptide receptors,Glucagon receptor family,GIP receptor,P48546,['Gs'],2QKH
512,Class B1 (Secretin),Peptide receptors,Glucagon receptor family,GIP receptor,P48546,['Gs'],4HJ0
513,Class B1 (Secretin),Peptide receptors,Glucagon receptor family,GIP receptor,P48546,['Gs'],6DKJ
514,Class B1 (Secretin),Peptide receptors,Glucagon receptor family,GLP-1 receptor,P43220,['Gs'],3C59
515,Class B1 (Secretin),Peptide receptors,Glucagon receptor family,GLP-1 receptor,P43220,['Gs'],3C5T
516,Class B1 (Secretin),Peptide receptors,Glucagon receptor family,GLP-1 receptor,P43220,['Gs'],3IOL
517,Class B1 (Secretin),Peptide receptors,Glucagon receptor family,GLP-1 receptor,P43220,['Gs'],4ZGM
518,Class B1 (Secretin),Peptide receptors,Glucagon receptor family,GLP-1 receptor,P43220,['Gs'],5E94
519,Class B1 (Secretin),Peptide receptors,Glucagon receptor family,GLP-1 receptor,P43220,['Gs'],5NX2
520,Class B1 (Secretin),Peptide receptors,Glucagon receptor family,GLP-1 receptor,P43220,['Gs'],5OTT
521,Class B1 (Secretin),Peptide receptors,Glucagon receptor family,GLP-1 receptor,P43220,['Gs'],5OTU
522,Class B1 (Secretin),Peptide receptors,Glucagon receptor family,GLP-1 receptor,P43220,['Gs'],5OTV
523,Class B1 (Secretin),Peptide receptors,Glucagon receptor family,GLP-1 receptor,P43220,['Gs'],5OTW
524,Class B1 (Secretin),Peptide receptors,Glucagon receptor family,GLP-1 receptor,P43220,['Gs'],5OTX
525,Class B1 (Secretin),Peptide receptors,Glucagon receptor family,GLP-1 receptor,P43220,['Gs'],5VEW
526,Class B1 (Secretin),Peptide receptors,Glucagon receptor family,GLP-1 receptor,P43220,['Gs'],5VEX
527,Class B1 (Secretin),Peptide receptors,Glucagon receptor family,GLP-1 receptor,P43220,['Gs'],6B3J
528,Class B1 (Secretin),Peptide receptors,Glucagon receptor family,GLP-1 receptor,P43220,['Gs'],6GB1
529,Class B1 (Secretin),Peptide receptors,Glucagon receptor family,GLP-2 receptor,O95838,['Gs'],
530,Class B1 (Secretin),Peptide receptors,Glucagon receptor family,glucagon receptor,P47871,,2A83
531,Class B1 (Secretin),Peptide receptors,Glucagon receptor family,glucagon receptor,P47871,,3CZF
532,Class B1 (Secretin),Peptide receptors,Glucagon receptor family,glucagon receptor,P47871,,4ERS
533,Class B1 (Secretin),Peptide receptors,Glucagon receptor family,glucagon receptor,P47871,,4L6R
534,Class B1 (Secretin),Peptide receptors,Glucagon receptor family,glucagon receptor,P47871,,4LF3
535,Class B1 (Secretin),Peptide receptors,Glucagon receptor family,glucagon receptor,P47871,,5EE7
536,Class B1 (Secretin),Peptide receptors,Glucagon receptor family,glucagon receptor,P47871,,5XEZ
537,Class B1 (Secretin),Peptide receptors,Glucagon receptor family,secretin receptor,P47872,['Gs'],
538,Class B1 (Secretin),Peptide receptors,Parathyroid hormone receptors,PTH1 receptor,Q03431,['Gs'],1BL1
539,Class B1 (Secretin),Peptide receptors,Parathyroid hormone receptors,PTH1 receptor,Q03431,['Gs'],3C4M
540,Class B1 (Secretin),Peptide receptors,Parathyroid hormone receptors,PTH1 receptor,Q03431,['Gs'],3H3G
541,Class B1 (Secretin),Peptide receptors,Parathyroid hormone receptors,PTH1 receptor,Q03431,['Gs'],3L2J
542,Class B1 (Secretin),Peptide receptors,Parathyroid hormone receptors,PTH1 receptor,Q03431,['Gs'],4Z8J
543,Class B1 (Secretin),Peptide receptors,Parathyroid hormone receptors,PTH1 receptor,Q03431,['Gs'],5EMB
544,Class B1 (Secretin),Peptide receptors,Parathyroid hormone receptors,PTH1 receptor,Q03431,['Gs'],6NBF
545,Class B1 (Secretin),Peptide receptors,Parathyroid hormone receptors,PTH1 receptor,Q03431,['Gs'],6NBH
546,Class B1 (Secretin),Peptide receptors,Parathyroid hormone receptors,PTH1 receptor,Q03431,['Gs'],6NBI
547,Class B1 (Secretin),Peptide receptors,Parathyroid hormone receptors,PTH2 receptor,P49190,['Gs'],
548,Class B1 (Secretin),Peptide receptors,VIP and PACAP receptors,PAC1 receptor,P41586,['Gs'],2JOD
549,Class B1 (Secretin),Peptide receptors,VIP and PACAP receptors,PAC1 receptor,P41586,['Gs'],3N94
550,Class B1 (Secretin),Peptide receptors,VIP and PACAP receptors,VPAC1 receptor,P32241,['Gs'],1OF2
551,Class B1 (Secretin),Peptide receptors,VIP and PACAP receptors,VPAC1 receptor,P32241,['Gs'],1OGT
552,Class B1 (Secretin),Peptide receptors,VIP and PACAP receptors,VPAC1 receptor,P32241,['Gs'],3B3I
553,Class B1 (Secretin),Peptide receptors,VIP and PACAP receptors,VPAC1 receptor,P32241,['Gs'],3B6S
554,Class B1 (Secretin),Peptide receptors,VIP and PACAP receptors,VPAC1 receptor,P32241,['Gs'],3DTX
555,Class B1 (Secretin),Peptide receptors,VIP and PACAP receptors,VPAC1 receptor,P32241,['Gs'],3HCV
556,Class B1 (Secretin),Peptide receptors,VIP and PACAP receptors,VPAC1 receptor,P32241,['Gs'],5DEF
557,Class B1 (Secretin),Peptide receptors,VIP and PACAP receptors,VPAC1 receptor,P32241,['Gs'],5DEG
558,Class B1 (Secretin),Peptide receptors,VIP and PACAP receptors,VPAC1 receptor,P32241,['Gs'],5IB1
559,Class B1 (Secretin),Peptide receptors,VIP and PACAP receptors,VPAC1 receptor,P32241,['Gs'],5IB2
560,Class B1 (Secretin),Peptide receptors,VIP and PACAP receptors,VPAC1 receptor,P32241,['Gs'],5IB3
561,Class B1 (Secretin),Peptide receptors,VIP and PACAP receptors,VPAC1 receptor,P32241,['Gs'],5IB4
562,Class B1 (Secretin),Peptide receptors,VIP and PACAP receptors,VPAC1 receptor,P32241,['Gs'],5IB5
563,Class B1 (Secretin),Peptide receptors,VIP and PACAP receptors,VPAC2 receptor,P41587,['Gs'],2X57
564,Class B2 (Adhesion),Adhesion receptors,ADGRL,ADGRL1,O94910,,
565,Class B2 (Adhesion),Adhesion receptors,ADGRL,ADGRL2,O95490,,
566,Class B2 (Adhesion),Adhesion receptors,ADGRL,ADGRL3,Q9HAR2,,5CMN
567,Class B2 (Adhesion),Adhesion receptors,ADGRE,ADGRE1,Q14246,,
568,Class B2 (Adhesion),Adhesion receptors,ADGRE,ADGRE2,Q9UHX3,,2BO2
569,Class B2 (Adhesion),Adhesion receptors,ADGRE,ADGRE2,Q9UHX3,,2BOU
570,Class B2 (Adhesion),Adhesion receptors,ADGRE,ADGRE2,Q9UHX3,,2BOX
571,Class B2 (Adhesion),Adhesion receptors,ADGRE,ADGRE3,Q9BY15,,
572,Class B2 (Adhesion),Adhesion receptors,ADGRE,ADGRE4P,Q86SQ3,,
573,Class B2 (Adhesion),Adhesion receptors,ADGRA,ADGRA1,Q86SQ6,,
574,Class B2 (Adhesion),Adhesion receptors,ADGRA,ADGRA2,Q96PE1,,
575,Class B2 (Adhesion),Adhesion receptors,ADGRA,ADGRA3,Q8IWK6,,
576,Class B2 (Adhesion),Adhesion receptors,ADGRC,CELSR1,Q9NYQ6,,
577,Class B2 (Adhesion),Adhesion receptors,ADGRC,CELSR2,Q9HCU4,,
578,Class B2 (Adhesion),Adhesion receptors,ADGRC,CELSR3,Q9NYQ7,,
579,Class B2 (Adhesion),Adhesion receptors,ADGRD,ADGRD1,Q6QNK2,,
580,Class B2 (Adhesion),Adhesion receptors,ADGRD,ADGRD2,Q7Z7M1,,
581,Class B2 (Adhesion),Adhesion receptors,ADGRF,ADGRF1,Q5T601,,
582,Class B2 (Adhesion),Adhesion receptors,ADGRF,ADGRF2,Q8IZF7,,
583,Class B2 (Adhesion),Adhesion receptors,ADGRF,ADGRF3,Q8IZF5,,
584,Class B2 (Adhesion),Adhesion receptors,ADGRF,ADGRF4,Q8IZF3,,
585,Class B2 (Adhesion),Adhesion receptors,ADGRF,ADGRF5,Q8IZF2,,
586,Class B2 (Adhesion),Adhesion receptors,ADGRB,ADGRB1,O14514,,
587,Class B2 (Adhesion),Adhesion receptors,ADGRB,ADGRB2,O60241,,
588,Class B2 (Adhesion),Adhesion receptors,ADGRB,ADGRB3,O60242,,4DLO
589,Class B2 (Adhesion),Adhesion receptors,ADGRG,ADGRG1,Q9Y653,,
590,Class B2 (Adhesion),Adhesion receptors,ADGRG,ADGRG2,Q8IZP9,,
591,Class B2 (Adhesion),Adhesion receptors,ADGRG,ADGRG3,Q86Y34,,
592,Class B2 (Adhesion),Adhesion receptors,ADGRG,ADGRG4,Q8IZF6,,
593,Class B2 (Adhesion),Adhesion receptors,ADGRG,ADGRG5,Q8IZF4,,
594,Class B2 (Adhesion),Adhesion receptors,ADGRG,ADGRG6,Q86SQ4,,
595,Class B2 (Adhesion),Adhesion receptors,ADGRG,ADGRG7,Q96K78,,
596,Class B2 (Adhesion),Adhesion receptors,ADGRG,ADGRL4,Q9HBW9,,
597,Class B2 (Adhesion),Adhesion receptors,ADGRG,ADGRV1,Q8WXG9,,
598,Class C (Glutamate),Ion receptors,Calcium-sensing receptors,CaS receptor,P41180,"['Gq/11', 'Gi']",5FBH
599,Class C (Glutamate),Ion receptors,Calcium-sensing receptors,CaS receptor,P41180,"['Gq/11', 'Gi']",5FBK
600,Class C (Glutamate),Ion receptors,Calcium-sensing receptors,CaS receptor,P41180,"['Gq/11', 'Gi']",5K5S
601,Class C (Glutamate),Ion receptors,Calcium-sensing receptors,CaS receptor,P41180,"['Gq/11', 'Gi']",5K5T
602,Class C (Glutamate),Ion receptors,Amino acid receptors,GABAB1,Q9UBS5,['Gi'],4MQE
603,Class C (Glutamate),Ion receptors,Amino acid receptors,GABAB1,Q9UBS5,['Gi'],4MQF
604,Class C (Glutamate),Ion receptors,Amino acid receptors,GABAB1,Q9UBS5,['Gi'],4MR7
605,Class C (Glutamate),Ion receptors,Amino acid receptors,GABAB1,Q9UBS5,['Gi'],4MR8
606,Class C (Glutamate),Ion receptors,Amino acid receptors,GABAB1,Q9UBS5,['Gi'],4MR9
607,Class C (Glutamate),Ion receptors,Amino acid receptors,GABAB1,Q9UBS5,['Gi'],4MRM
608,Class C (Glutamate),Ion receptors,Amino acid receptors,GABAB1,Q9UBS5,['Gi'],4MS1
609,Class C (Glutamate),Ion receptors,Amino acid receptors,GABAB1,Q9UBS5,['Gi'],4MS3
610,Class C (Glutamate),Ion receptors,Amino acid receptors,GABAB1,Q9UBS5,['Gi'],4MS4
611,Class C (Glutamate),Ion receptors,Amino acid receptors,GABAB1,Q9UBS5,['Gi'],4PAS
612,Class C (Glutamate),Ion receptors,Amino acid receptors,GABAB1,Q9UBS5,['Gi'],6HKC
613,Class C (Glutamate),Ion receptors,Amino acid receptors,GABAB2,O75899,['Gi'],4F11
614,Class C (Glutamate),Ion receptors,Amino acid receptors,GABAB2,O75899,['Gi'],4F12
615,Class C (Glutamate),Ion receptors,Amino acid receptors,GABAB2,O75899,['Gi'],4MQE
616,Class C (Glutamate),Ion receptors,Amino acid receptors,GABAB2,O75899,['Gi'],4MQF
617,Class C (Glutamate),Ion receptors,Amino acid receptors,GABAB2,O75899,['Gi'],4MR7
618,Class C (Glutamate),Ion receptors,Amino acid receptors,GABAB2,O75899,['Gi'],4MR8
619,Class C (Glutamate),Ion receptors,Amino acid receptors,GABAB2,O75899,['Gi'],4MR9
620,Class C (Glutamate),Ion receptors,Amino acid receptors,GABAB2,O75899,['Gi'],4MRM
621,Class C (Glutamate),Ion receptors,Amino acid receptors,GABAB2,O75899,['Gi'],4MS1
622,Class C (Glutamate),Ion receptors,Amino acid receptors,GABAB2,O75899,['Gi'],4MS3
623,Class C (Glutamate),Ion receptors,Amino acid receptors,GABAB2,O75899,['Gi'],4MS4
624,Class C (Glutamate),Ion receptors,Amino acid receptors,GABAB2,O75899,['Gi'],4PAS
625,Class C (Glutamate),Ion receptors,Amino acid receptors,GABAB2,O75899,['Gi'],6M8R
626,Class C (Glutamate),Ion receptors,Amino acid receptors,GABAB2,O75899,['Gi'],6OCP
627,Class C (Glutamate),Ion receptors,Metabotropic glutamate receptors,mGlu1 receptor,Q13255,['Gq/11'],3KS9
628,Class C (Glutamate),Ion receptors,Metabotropic glutamate receptors,mGlu1 receptor,Q13255,['Gq/11'],4OR2
629,Class C (Glutamate),Ion receptors,Metabotropic glutamate receptors,mGlu2 receptor,Q14416,['Gi'],4XAQ
630,Class C (Glutamate),Ion receptors,Metabotropic glutamate receptors,mGlu2 receptor,Q14416,['Gi'],4XAS
631,Class C (Glutamate),Ion receptors,Metabotropic glutamate receptors,mGlu2 receptor,Q14416,['Gi'],5CNI
632,Class C (Glutamate),Ion receptors,Metabotropic glutamate receptors,mGlu2 receptor,Q14416,['Gi'],5CNJ
633,Class C (Glutamate),Ion receptors,Metabotropic glutamate receptors,mGlu2 receptor,Q14416,['Gi'],5KZN
634,Class C (Glutamate),Ion receptors,Metabotropic glutamate receptors,mGlu2 receptor,Q14416,['Gi'],5KZQ
635,Class C (Glutamate),Ion receptors,Metabotropic glutamate receptors,mGlu3 receptor,Q14832,['Gi'],3SM9
636,Class C (Glutamate),Ion receptors,Metabotropic glutamate receptors,mGlu3 receptor,Q14832,['Gi'],4XAR
637,Class C (Glutamate),Ion receptors,Metabotropic glutamate receptors,mGlu3 receptor,Q14832,['Gi'],5CNK
638,Class C (Glutamate),Ion receptors,Metabotropic glutamate receptors,mGlu3 receptor,Q14832,['Gi'],5CNM
639,Class C (Glutamate),Ion receptors,Metabotropic glutamate receptors,mGlu3 receptor,Q14832,['Gi'],6B7H
640,Class C (Glutamate),Ion receptors,Metabotropic glutamate receptors,mGlu4 receptor,Q14833,['Gi'],
641,Class C (Glutamate),Ion receptors,Metabotropic glutamate receptors,mGlu5 receptor,P41594,['Gq/11'],3LMK
642,Class C (Glutamate),Ion receptors,Metabotropic glutamate receptors,mGlu5 receptor,P41594,['Gq/11'],4OO9
643,Class C (Glutamate),Ion receptors,Metabotropic glutamate receptors,mGlu5 receptor,P41594,['Gq/11'],5CGC
644,Class C (Glutamate),Ion receptors,Metabotropic glutamate receptors,mGlu5 receptor,P41594,['Gq/11'],5CGD
645,Class C (Glutamate),Ion receptors,Metabotropic glutamate receptors,mGlu5 receptor,P41594,['Gq/11'],6N4X
646,Class C (Glutamate),Ion receptors,Metabotropic glutamate receptors,mGlu5 receptor,P41594,['Gq/11'],6N4Y
647,Class C (Glutamate),Ion receptors,Metabotropic glutamate receptors,mGlu5 receptor,P41594,['Gq/11'],6N50
648,Class C (Glutamate),Ion receptors,Metabotropic glutamate receptors,mGlu5 receptor,P41594,['Gq/11'],6N51
649,Class C (Glutamate),Ion receptors,Metabotropic glutamate receptors,mGlu5 receptor,P41594,['Gq/11'],6N52
650,Class C (Glutamate),Ion receptors,Metabotropic glutamate receptors,mGlu6 receptor,O15303,['Gi'],
651,Class C (Glutamate),Ion receptors,Metabotropic glutamate receptors,mGlu7 receptor,Q14831,['Gi'],3MQ4
652,Class C (Glutamate),Ion receptors,Metabotropic glutamate receptors,mGlu7 receptor,Q14831,['Gi'],5C5C
653,Class C (Glutamate),Ion receptors,Metabotropic glutamate receptors,mGlu8 receptor,O00222,['Gi'],6BSZ
654,Class C (Glutamate),Ion receptors,Metabotropic glutamate receptors,mGlu8 receptor,O00222,['Gi'],6BT5
655,Class C (Glutamate),Ion receptors,Metabotropic glutamate receptors,mGlu8 receptor,O00222,['Gi'],6E5V
656,Class C (Glutamate),Sensory receptors,Taste 1 receptors,TAS1R1,Q7RTX1,['Gi'],
657,Class C (Glutamate),Sensory receptors,Taste 1 receptors,TAS1R2,Q8TE23,['Gi'],
658,Class C (Glutamate),Sensory receptors,Taste 1 receptors,TAS1R3,Q7RTX0,['Gi'],
659,Class C (Glutamate),Sensory receptors,Orphan receptors (class C),GPR156,Q8NFN8,,
660,Class C (Glutamate),Sensory receptors,Orphan receptors (class C),GPR158,Q5T848,,
661,Class C (Glutamate),Sensory receptors,Orphan receptors (class C),GPR179,Q6PRD1,,
662,Class C (Glutamate),Sensory receptors,Orphan receptors (class C),GPRC5A,Q8NFJ5,,
663,Class C (Glutamate),Sensory receptors,Orphan receptors (class C),GPRC5B,Q9NZH0,,
664,Class C (Glutamate),Sensory receptors,Orphan receptors (class C),GPRC5C,Q9NQ84,,
665,Class C (Glutamate),Sensory receptors,Orphan receptors (class C),GPRC5D,Q9NZD1,,
666,Class C (Glutamate),Sensory receptors,Orphan receptors (class C),GPRC6 receptor,Q5T6X5,['Gq/11'],
667,Class F (Frizzled),Protein receptors,Frizzled,FZD9,O00144,,
668,Class F (Frizzled),Protein receptors,Frizzled,FZD10,Q9ULW2,,
669,Class T,Sensory receptors,Taste 2 receptors,TAS2R1,Q9NYW7,['Gi'],
670,Class T,Sensory receptors,Taste 2 receptors,TAS2R3,Q9NYW6,['Gi'],
671,Class T,Sensory receptors,Taste 2 receptors,TAS2R4,Q9NYW5,['Gi'],
672,Class T,Sensory receptors,Taste 2 receptors,TAS2R5,Q9NYW4,['Gi'],
673,Class T,Sensory receptors,Taste 2 receptors,TAS2R7,Q9NYW3,['Gi'],
674,Class T,Sensory receptors,Taste 2 receptors,TAS2R8,Q9NYW2,['Gi'],
675,Class T,Sensory receptors,Taste 2 receptors,TAS2R9,Q9NYW1,['Gi'],
676,Class T,Sensory receptors,Taste 2 receptors,TAS2R10,Q9NYW0,['Gi'],
677,Class T,Sensory receptors,Taste 2 receptors,TAS2R13,Q9NYV9,['Gi'],
678,Class T,Sensory receptors,Taste 2 receptors,TAS2R14,Q9NYV8,['Gi'],
679,Class T,Sensory receptors,Taste 2 receptors,TAS2R16,Q9NYV7,['Gi'],
680,Class T,Sensory receptors,Taste 2 receptors,TAS2R19,P59542,['Gi'],
681,Class T,Sensory receptors,Taste 2 receptors,TAS2R20,P59543,['Gi'],
682,Class T,Sensory receptors,Taste 2 receptors,TAS2R30,P59541,['Gi'],
683,Class T,Sensory receptors,Taste 2 receptors,TAS2R31,P59538,['Gi'],
684,Class T,Sensory receptors,Taste 2 receptors,TAS2R38,P59533,['Gi'],
685,Class T,Sensory receptors,Taste 2 receptors,TAS2R39,P59534,['Gi'],
686,Class T,Sensory receptors,Taste 2 receptors,TAS2R40,P59535,['Gi'],
687,Class T,Sensory receptors,Taste 2 receptors,TAS2R41,P59536,['Gi'],
688,Class T,Sensory receptors,Taste 2 receptors,TAS2R42,Q7RTR8,['Gi'],
689,Class T,Sensory receptors,Taste 2 receptors,TAS2R43,P59537,['Gi'],
690,Class T,Sensory receptors,Taste 2 receptors,TAS2R45,P59539,['Gi'],
691,Class T,Sensory receptors,Taste 2 receptors,TAS2R46,P59540,['Gi'],
692,Class T,Sensory receptors,Taste 2 receptors,TAS2R50,P59544,['Gi'],
693,Class T,Sensory receptors,Taste 2 receptors,TAS2R60,P59551,['Gi'],
694,Other GPCRs,Orphan receptors,Other GPCR orphans,GPR107,Q5VW38,,
695,Other GPCRs,Orphan receptors,Other GPCR orphans,GPR137,Q96N19,,
696,Other GPCRs,Orphan receptors,Other GPCR orphans,OR51E1,Q8TCB6,,
697,Other GPCRs,Orphan receptors,Other GPCR orphans,TPRA1,Q86W33,,
698,Other GPCRs,Orphan receptors,Other GPCR orphans,GPR143,P51810,['Gq/11'],
699,Other GPCRs,Orphan receptors,Other GPCR orphans,GPR157,Q5UAW9,,
700,Class F (Frizzled),Protein receptors,Frizzled,FZD1,Q9UP38,,
701,Class F (Frizzled),Protein receptors,Frizzled,FZD2,Q14332,,6C0B
702,Class F (Frizzled),Protein receptors,Frizzled,FZD3,Q9NPG1,,
703,Class F (Frizzled),Protein receptors,Frizzled,FZD4,Q9ULV1,,5BPB
704,Class F (Frizzled),Protein receptors,Frizzled,FZD4,Q9ULV1,,5BPQ
705,Class F (Frizzled),Protein receptors,Frizzled,FZD4,Q9ULV1,,5BQC
706,Class F (Frizzled),Protein receptors,Frizzled,FZD4,Q9ULV1,,5BQE
707,Class F (Frizzled),Protein receptors,Frizzled,FZD4,Q9ULV1,,5CL1
708,Class F (Frizzled),Protein receptors,Frizzled,FZD4,Q9ULV1,,5CM4
709,Class F (Frizzled),Protein receptors,Frizzled,FZD4,Q9ULV1,,5UWG
710,Class F (Frizzled),Protein receptors,Frizzled,FZD4,Q9ULV1,,6BD4
711,Class F (Frizzled),Protein receptors,Frizzled,FZD4,Q9ULV1,,6NE1
712,Class F (Frizzled),Protein receptors,Frizzled,FZD5,Q13467,,5URY
713,Class F (Frizzled),Protein receptors,Frizzled,FZD5,Q13467,,5URZ
714,Class F (Frizzled),Protein receptors,Frizzled,FZD5,Q13467,,6O39
715,Class F (Frizzled),Protein receptors,Frizzled,FZD5,Q13467,,6WW2
716,Class F (Frizzled),Protein receptors,Frizzled,FZD6,O60353,,
717,Class F (Frizzled),Protein receptors,Frizzled,FZD7,O75084,,4Z33
718,Class F (Frizzled),Protein receptors,Frizzled,FZD7,O75084,,5T44
719,Class F (Frizzled),Protein receptors,Frizzled,FZD7,O75084,,5URV
720,Class F (Frizzled),Protein receptors,Frizzled,FZD7,O75084,,5WBS
721,Class F (Frizzled),Protein receptors,Frizzled,FZD7,O75084,,6NE2
722,Class F (Frizzled),Protein receptors,Frizzled,FZD7,O75084,,6NE4
723,Class F (Frizzled),Protein receptors,Frizzled,FZD7,O75084,,6O3A
724,Class F (Frizzled),Protein receptors,Frizzled,FZD7,O75084,,6O3B
725,Class F (Frizzled),Protein receptors,Frizzled,FZD8,Q9H461,,5UN5
726,Class F (Frizzled),Protein receptors,Frizzled,FZD8,Q9H461,,5UN6
727,Class F (Frizzled),Protein receptors,Frizzled,FZD8,Q9H461,,6NDZ
728,Class F (Frizzled),Protein receptors,Frizzled,SMO,Q99835,,4JKV
729,Class F (Frizzled),Protein receptors,Frizzled,SMO,Q99835,,4N4W
730,Class F (Frizzled),Protein receptors,Frizzled,SMO,Q99835,,4O9R
731,Class F (Frizzled),Protein receptors,Frizzled,SMO,Q99835,,4QIM
732,Class F (Frizzled),Protein receptors,Frizzled,SMO,Q99835,,4QIN
733,Class F (Frizzled),Protein receptors,Frizzled,SMO,Q99835,,5L7D
734,Class F (Frizzled),Protein receptors,Frizzled,SMO,Q99835,,5L7I
735,Class F (Frizzled),Protein receptors,Frizzled,SMO,Q99835,,5V56
736,Class F (Frizzled),Protein receptors,Frizzled,SMO,Q99835,,5V57
737,Class F (Frizzled),Protein receptors,Frizzled,SMO,Q99835,,6OT0
